userID,firstName,lastName,email,phone,address,city,state,country,postcode,username,password,role,createdAt,businessID,departmentName
1,Jay,Smith,ruben13@gmail.com,692.078.9291x378,"13293 Steven Shores Apt. 534, South Erikmouth, MA 70898",Watsontown,South Dakota,Sri Lanka,39290,zmiller,Z%4p_4Qr4J,User,2021-03-30T12:49:04,8,Engineering
2,Robert,Compton,jamesalexander@jackson.com,+1-216-773-2653x18636,"3376 John Inlet, Beanmouth, WI 15453",East Michaelfort,New Mexico,Guam,21418,shelialopez,+RIEBYxe4R,User,2021-12-20T17:43:17,16,HR
3,Courtney,Holmes,bradyronald@yahoo.com,+1-305-200-9666x0209,"626 Perry Plain, Williamsville, SC 51004",Vincenthaven,Indiana,Luxembourg,23786,sherrywright,D88mAmAF^R,Admin,2022-09-28T05:47:46,10,Marketing
4,Debra,George,jeffreyevans@gmail.com,9108144072,"PSC 0513, Box 8405, APO AE 79490",Nicholasfurt,Iowa,Djibouti,01104,srussell,igi)$9Ldn*,User,2020-12-18T19:16:23,13,Finance
5,Brittany,Vazquez,joseph13@hotmail.com,020-914-6709,"2826 Donald Lake, Lake Jessicaburgh, MS 25799",West Daniel,Minnesota,Bangladesh,17356,lawrencesusan,(1zGosjX@Y,User,2023-01-09T04:06:42,11,HR
6,Amanda,Villanueva,omoore@ellison.com,(907)034-0011,"88107 Howard Neck, Odomstad, ND 51786",New Ryanberg,Hawaii,Sao Tome and Principe,90692,janicebrown,)V8K$!Ml8o,User,2023-05-17T08:01:18,18,HR
7,Jose,Carlson,xkennedy@hotmail.com,(048)581-5577x860,"520 Katrina Walks, North Patricia, MN 16259",Sanchezstad,South Dakota,Guatemala,58641,montgomerynathaniel,V2JUFl6$@T,Admin,2024-04-18T01:35:07,2,Finance
8,Felicia,Brown,gyang@wood-mcintosh.com,001-666-799-5159,"Unit 5867 Box 3269, DPO AE 34004",North Anne,California,Liechtenstein,01473,garrettlynn,E*h!9Idr#&,User,2023-09-13T19:51:58,14,Sales
9,Sarah,Johnson,fcampos@williams.com,766.716.6724x5655,"049 Ryan Via Apt. 415, West Jason, MO 44795",Lake Angela,Texas,Guernsey,11087,aprice,6y8VpX9j_I,Admin,2021-10-26T11:56:46,17,HR
10,Kevin,Perkins,johngardner@hotmail.com,953.823.1626,"12157 Luis Mill, Port Brad, IN 69744",Vaughnfurt,North Dakota,Cayman Islands,03718,ericwalker,F)1JSbks$9,User,2021-05-13T18:56:23,5,Marketing
11,David,Douglas,michealwood@hotmail.com,679-462-2140x7087,"36241 Catherine Lights, Jaredchester, AZ 52561",Deborahhaven,South Carolina,Colombia,12771,wallacejanet,(cy3!KDoN!,Admin,2024-07-11T12:13:08,3,Sales
12,Regina,Tanner,bjohnson@cross.com,001-300-885-6216x56459,"4917 Beltran Unions Apt. 568, Smithbury, NC 88820",West Michaelmouth,New Mexico,Netherlands Antilles,53840,smithdavid,6HHKGagh(3,Admin,2022-04-16T14:48:14,16,HR
13,Lindsey,Sellers,megan71@yahoo.com,001-586-225-2860x0757,"145 Torres Mission, South Geraldhaven, IN 69006",Port Tylermouth,Illinois,Singapore,81047,bdorsey,%k2A#iDdm9,Admin,2023-11-19T01:39:52,12,HR
14,Joseph,Mcmillan,james49@weiss.info,558-554-7357x173,"35540 Owens Forks, East Susanburgh, WV 77846",Forbesmouth,Rhode Island,Mozambique,56326,harrismarie,fjv$4NeBTT,Admin,2021-10-11T13:05:08,6,Sales
15,Michelle,Mahoney,gwade@perry.com,751-854-3837x473,"3133 Robinson Lake Suite 526, Port Marilynfort, ID 22939",Port Danielmouth,Mississippi,Latvia,80074,staceywalls,&7DZFN3eIK,User,2024-02-04T22:59:11,4,Sales
16,Tabitha,Williams,frank63@price-gardner.org,480.976.8613x96898,"07139 Ramirez Harbor Apt. 933, Lake Codyfort, KY 45663",West Samantha,Massachusetts,Philippines,52158,sgardner,U5Qchu!o@Q,Admin,2022-12-16T05:32:14,19,Finance
17,Marcus,Fritz,mark31@gmail.com,001-104-887-3863x938,"PSC 8964, Box 0796, APO AE 95719",West Jennifermouth,Arizona,Mozambique,96375,gabrielaroth,a8EXiHYi%s,User,2023-10-22T12:15:39,5,Marketing
18,Ashley,Martinez,christopher47@smith-aguirre.com,677-712-1845x60847,"145 Baker Trace Apt. 612, West Brandi, ME 98749",Kingland,Virginia,Austria,84798,ggarcia,N)zTy%v$!1,User,2023-12-31T02:19:28,17,Marketing
19,John,Cole,sarah74@yahoo.com,207.690.0042x7162,"85166 Shelby Estates, Scottport, NE 18938",Coreyfort,Texas,Australia,85085,william30,WNT8IBmr(+,Admin,2022-05-10T10:44:38,10,Marketing
20,Nicholas,Gilbert,dennis06@yahoo.com,250.383.0463x182,"7221 Cardenas Burg, Roachshire, RI 88658",Timothyside,Connecticut,Hungary,43878,millerthomas,Og6V^O*n4%,Admin,2022-10-17T01:05:20,19,Finance
21,Aaron,Riley,elewis@gmail.com,+1-895-232-4980x06375,"72386 Patterson Rapids, West Charles, FL 93329",Monicaton,Illinois,Kiribati,29208,wbarron,1I!E2hGb*p,Admin,2021-12-18T08:50:39,20,Sales
22,James,Lopez,cwarren@carson-fisher.org,(716)461-0197,"68162 Robinson Street, Lake Dalestad, WI 45221",Michaelfurt,Alabama,Austria,30843,colin63,%6EsXPnZao,Admin,2021-02-10T18:29:54,16,Engineering
23,Terri,Logan,blowe@harris.com,(424)991-7764x1169,"197 Young Ways, Johnsonmouth, NJ 48968",Stewartstad,New Mexico,Togo,25340,luismatthews,HL)8WEDm*i,Admin,2023-08-08T15:58:06,3,Engineering
24,Bradley,Jimenez,michael55@yahoo.com,001-947-915-8387x06796,"69553 Marsh Curve, South Rebekahhaven, FL 50499",Smithhaven,Indiana,Guadeloupe,77918,wdavis,qSbDAnw2*2,User,2020-03-25T16:15:46,4,Finance
25,Kim,Hebert,robin64@yahoo.com,392-584-1563x3686,"933 Watson Gateway, Deckerside, RI 16334",Lake Wendyside,New Jersey,Peru,05897,jacquelinepearson,)@7Qv!x458,User,2022-08-15T05:49:04,12,Sales
26,Laura,Wall,robin53@yahoo.com,(074)537-5968x564,"PSC 2159, Box 6304, APO AA 54964",Lake Tylerbury,South Carolina,American Samoa,33180,lambertbryan,w%V8Le(h3E,User,2023-05-25T07:36:42,12,Marketing
27,Timothy,Floyd,dritter@galvan.com,003.884.2548x3628,"30159 Justin Pines Suite 926, Port Kenneth, AZ 51546",Allisonland,Ohio,French Southern Territories,71085,kellyjoseph,Z0I4th$a+s,Admin,2020-01-22T05:32:02,19,Finance
28,Chris,Mason,kevin98@yahoo.com,512-106-9672x297,"45485 Sheppard Pike Apt. 877, Kellyville, TN 73597",Alvaradohaven,North Dakota,Zimbabwe,81360,richard77,6pmDFcoS(&,Admin,2022-08-01T21:50:21,12,Engineering
29,Lisa,Greene,dwilliams@gmail.com,(292)918-5232,"4539 Jones Stravenue Apt. 819, Lake William, NJ 43855",South Samantha,Maryland,Tonga,69393,sandersallison,^!EMkbhf^9,User,2021-02-20T01:15:32,19,Marketing
30,Donald,Foley,markduncan@hotmail.com,+1-260-101-0445x803,"7896 Mark Burg Suite 723, Alexanderfort, HI 84186",Alexisborough,Alaska,Chile,67685,hmason,*2jp2KWs0q,User,2023-10-30T05:32:33,10,HR
31,Gina,White,romandawn@rogers.info,001-221-201-2429x801,"604 David Pines, Larrymouth, UT 38098",Rivasside,Missouri,Russian Federation,61590,rcline,I8WhW8n##C,Admin,2020-07-05T23:40:44,17,Finance
32,Paul,Garza,reynoldsann@ruiz.com,(169)103-7008x048,"USNS Montoya, FPO AP 19686",East Margaretland,Louisiana,Albania,77354,pgarner,$r42qyJhG_,User,2021-05-10T14:04:46,2,Engineering
33,Thomas,Villa,isaiahsanford@yahoo.com,+1-648-414-5522x149,"613 Johnson Falls Suite 939, Bellborough, FL 63950",Lake Teresa,Mississippi,Andorra,00809,oboone,^xN4B1m5lr,Admin,2022-09-04T23:53:54,20,Marketing
34,Xavier,Carlson,brandon69@mcdaniel.com,+1-425-029-4259,"8836 Thomas Locks Suite 185, Santanaton, LA 91098",South Sara,Indiana,Venezuela,67855,nicoleobrien,l9CUFRsp+f,User,2024-05-12T07:39:57,1,Marketing
35,Steven,Griffith,hayesmelanie@hotmail.com,166.359.2287,"134 Edward Fort Suite 161, Holderland, OK 36348",New Wesley,Nebraska,Lebanon,40290,pmanning,1h0Z_w!w#@,Admin,2022-05-02T20:19:41,6,Finance
36,Paul,Bailey,matthew95@harris.com,039.860.0668,"9808 Christy Point, Katrinaton, WI 53152",Lake Gene,California,Saint Lucia,82535,sara00,@4SqvkrP5N,User,2022-05-21T15:50:15,18,HR
37,Caitlyn,Sullivan,eguzman@brandt.com,024.902.2859,"PSC 1308, Box 9101, APO AA 35480",Port Brandyfort,Massachusetts,Isle of Man,44054,brooke27,*5HebsMaA2,User,2022-04-28T11:44:04,2,Finance
38,Debra,Lozano,jennifermcmahon@yahoo.com,585-074-3237x35137,"7706 Sara Knolls Suite 034, North Ashleymouth, LA 21614",South Katieton,Delaware,Sierra Leone,78702,valerie92,$6j+whBe5n,User,2024-06-28T20:44:21,14,Engineering
39,Daniel,Lawrence,johnsonsteven@hotmail.com,(028)130-8546x113,"30892 Warren Estates Apt. 816, North Tiffanyberg, KY 78582",Port Sara,Kentucky,Niger,40405,kellytodd,P$10!rQxtR,User,2023-09-14T13:58:08,8,Marketing
40,Tracey,Higgins,wilsonkristy@hotmail.com,001-600-217-2325x2932,"USNV Larson, FPO AA 84209",East Jasonshire,Maine,Venezuela,33409,krystal21,Bg5W#oGZ_b,Admin,2022-02-12T20:41:08,5,Marketing
41,Mindy,Andrade,jordan64@gmail.com,001-436-901-9739x4980,"490 Serrano Land, Lake Karen, NY 73227",Ashleeland,Kentucky,Comoros,47911,victorleonard,z$0gRZiFBz,User,2023-11-01T17:07:06,1,HR
42,John,Jordan,wholloway@goodwin-wilson.com,001-311-971-6613,"61158 Gonzalez Court, Vincentbury, ID 77261",South Amyhaven,New Mexico,Korea,75575,jonathan02,$xD3cJEe6g,Admin,2021-01-08T13:46:39,19,Marketing
43,Matthew,Dixon,dbradley@scott.com,001-404-850-3052x716,"83906 Williams Rapid Apt. 817, North Ashley, NJ 47779",New Haileyhaven,Montana,Lithuania,78993,jessica07,Ev9ZxqZxb@,User,2021-01-31T01:42:37,4,Sales
44,Bernard,Hogan,xgill@yahoo.com,2165628195,"3222 Downs Fords, Nicholsville, OK 42648",Laurenfurt,North Carolina,Cameroon,53747,maryparker,M+6JGMkxzX,Admin,2021-02-28T12:53:09,4,Marketing
45,David,Thompson,lorismith@allen.com,+1-527-349-6803x001,"91135 Gerald Cove Suite 260, North Mary, NC 39293",Jessetown,Arkansas,Guyana,03578,leejasmine,A_7BS!MxO%,Admin,2023-10-15T04:07:35,17,Engineering
46,Jennifer,Thompson,connie04@williams.com,+1-000-724-5536,"70959 Gordon Plains, Garzaborough, HI 91823",Port Catherinebury,Arkansas,French Guiana,09790,wraymond,&5oG5gay#T,Admin,2021-12-07T06:41:58,3,Finance
47,Melissa,Williams,wbrown@gmail.com,642.619.3446,"82508 David Prairie Apt. 534, New Gregory, UT 48570",Port Geoffreyberg,New Jersey,Austria,74402,gonzalezjohn,x4oCF8tE+d,User,2020-05-02T03:23:11,11,Marketing
48,Miguel,Marsh,hectorhenson@lambert.com,001-416-758-9614x248,"865 Joshua Square Apt. 879, Davidbury, CT 13863",Mauricemouth,Indiana,Angola,45139,ohood,L7A%BmXu&q,Admin,2020-08-06T13:22:06,10,Marketing
49,Brandon,Roman,hollandbrandon@cherry.org,001-532-700-2734x2945,"03275 James Alley, Brendaberg, MS 56811",Larsenstad,Nevada,Moldova,77564,johnsondonna,!zKR^8IzK^,User,2022-07-22T16:56:21,19,Marketing
50,Jose,Pierce,davismatthew@hotmail.com,+1-321-990-8188x97782,"9840 Dixon Burgs Apt. 233, Theresaport, MA 57400",East Kelli,Idaho,Turks and Caicos Islands,04521,jking,O1YeSoRI%4,User,2022-06-04T16:43:31,12,Engineering
51,Kaitlyn,Adams,dawnsmith@kelly.com,(947)762-5110,"225 Juarez Roads Apt. 229, Brandontown, MI 26916",Port Michael,Missouri,Saint Martin,57702,charleneanthony,+3T!CNsvk3,Admin,2021-04-01T16:51:24,19,HR
52,Jeffrey,Williams,omurray@gmail.com,+1-490-365-1979x2463,"96672 Sutton Wall Apt. 642, Lake Brittanyville, AL 83766",Port Cathyhaven,Arkansas,Jersey,98467,kturner,m!R1Hddzy(,User,2021-01-24T12:56:49,19,Sales
53,Darrell,Aguilar,sherri61@garcia-smith.com,+1-029-809-2873x07308,"18528 Pope Centers, Port Lisashire, RI 53373",Lake Emilyhaven,Idaho,Aruba,87522,donald12,_OGwvO@xt2,User,2022-08-17T10:27:30,4,Marketing
54,Steven,Davis,kellymartinez@ward.info,(935)892-0495,"0421 Steele Path Suite 152, North Michaeltown, RI 99634",Ramirezside,California,Faroe Islands,85356,pereztrevor,$S^3mWIrrk,User,2024-06-23T12:39:49,5,Marketing
55,Ashley,Porter,williamstimothy@hotmail.com,(791)392-7366,"PSC 7181, Box 8324, APO AA 76644",Wilsonbury,Florida,Anguilla,46565,williamsamanda,Z!66*VhsmY,User,2020-05-11T05:46:38,16,Finance
56,Antonio,Mccormick,lmiller@perkins.com,(786)932-3222x180,"653 Michael Mountains, New Sara, UT 42749",South Kathleen,Missouri,Bahrain,83638,ksmith,&XU)8TcKIj,User,2021-06-15T17:23:30,17,Engineering
57,Nicholas,Adams,watsonjames@west.com,001-786-872-2240,"8722 Miller Locks Apt. 910, North Kevin, UT 93357",Robertfort,Missouri,Oman,78717,bgaines,puTrw2Yx&7,Admin,2024-04-19T18:19:59,19,HR
58,Craig,Hobbs,markgutierrez@ryan.biz,001-969-355-5662x01073,"PSC 1600, Box 1547, APO AA 88808",New Michaelmouth,Minnesota,Venezuela,36349,dominguezlinda,$v2QtQc)Z0,Admin,2022-07-11T08:42:10,14,Finance
59,William,Ryan,pcarter@craig-hansen.com,176.747.6725x308,"2003 Nicholas River Suite 978, Lake James, NY 96368",Erinchester,Louisiana,Tajikistan,90958,barnestammy,Nh4mQxvz_9,Admin,2024-03-12T07:22:37,5,Sales
60,Stephen,Dalton,schwartztammy@duncan.com,(630)461-4198x6870,"317 Patricia Drives, Joneston, GA 15896",Meganfurt,South Dakota,Bangladesh,82073,jamesharper,v5Bzjc)a($,Admin,2020-05-31T01:08:27,12,Engineering
61,Cathy,May,fosterrebecca@gmail.com,471.986.5077x117,"30693 Clay View Apt. 005, Jonesberg, VT 28391",Jeffreyburgh,New York,Bermuda,02446,ericajackson,&1^MGkpKn1,User,2022-09-17T15:55:04,15,HR
62,Michael,Gordon,moraleschristopher@carter.biz,(306)165-3898x466,"9789 Stefanie Bypass Suite 559, Lake Carrietown, MI 42424",Lake Pamela,Colorado,Sri Lanka,20190,kchavez,^r8BjLVpU8,User,2022-04-06T01:52:44,14,Marketing
63,David,Rivers,henryandrea@hotmail.com,+1-765-009-4100x411,"USNV Wheeler, FPO AE 34455",West Jeffreyfort,Wyoming,Australia,52214,nellis,M4IGGUpU#8,User,2023-12-01T17:29:39,4,Sales
64,Alex,Boone,jennifer76@house-cowan.com,558.674.8300x870,"30136 Maldonado Haven, Samanthaton, RI 31915",Jonathanside,Arizona,Macao,71749,heatherjones,%#WpdX467*,User,2021-01-20T23:39:34,9,Finance
65,James,Turner,yturner@gmail.com,538-986-8671,"9701 Mark Summit, East Becky, NH 78360",Port Samanthaberg,North Carolina,Finland,86984,jamesrivera,9b_#Mdfm(J,Admin,2021-10-14T09:26:40,17,HR
66,Melanie,Farley,dscott@gmail.com,324.709.1329x3231,"23752 Newman River Suite 107, Kimberlybury, DC 77410",Pruittview,North Dakota,Andorra,17170,michael96,#1VhlILUTh,Admin,2022-11-12T04:59:07,7,Engineering
67,Kyle,Robinson,beckerdavid@patel.com,001-376-201-8107x368,"27430 Jose Camp Suite 317, Meaganfurt, SD 89628",Port Veronicafurt,Louisiana,Marshall Islands,35322,elizabethreyes,$4sS_hG%4i,User,2024-07-14T04:11:44,14,Finance
68,Jasmine,Cole,nathan31@yang-hardy.net,+1-018-421-1718x056,"29284 Brooks Canyon, West Spencerville, SC 72619",Christinaburgh,Delaware,Lesotho,30510,kevin00,@^62tLp*qZ,Admin,2024-04-10T17:47:26,15,Sales
69,Colleen,Jacobs,hromero@chapman-smith.net,366.539.4888,"2454 Jessica Ramp, North Christinamouth, MN 25894",Griffinberg,Ohio,Maldives,67832,kevinwarner,DFok@1AlEw,User,2023-09-12T15:26:57,11,Marketing
70,Paige,Ruiz,randybarr@gmail.com,331-255-8992,"8688 Reed Ridges, Fosterfort, NE 07552",Jenkinshaven,Maine,El Salvador,19439,ashley25,3b%0Q1yKFG,Admin,2020-06-27T20:18:22,18,HR
71,Nicholas,Woodard,vanessa17@carroll-james.net,+1-284-493-4821x94590,"9302 Christopher Coves Apt. 612, Allenshire, VA 83326",Christophertown,North Carolina,Guam,43311,adamboone,1zOEjjpB#k,Admin,2021-10-27T15:23:10,15,Marketing
72,Tracy,Fox,cynthia16@martin-hart.com,+1-040-710-5924x469,"409 James Neck Suite 118, Schultzton, SC 17511",Lake Gina,North Dakota,Norway,26737,michellecantrell,6W$4WYuiBF,Admin,2022-01-09T16:35:32,20,Engineering
73,Kathleen,Wilson,bautistatammy@yahoo.com,001-040-529-5544x6952,"992 Ross Wall, West Michelle, OR 97003",North Carolyn,Missouri,South Georgia and the South Sandwich Islands,06779,anne30,4p3SdiLO_^,User,2021-01-22T02:08:17,18,Finance
74,Melinda,Mccoy,sarasimon@yahoo.com,+1-962-020-3694x76244,"7215 Craig Road, North James, RI 29937",West Vanessa,Utah,El Salvador,29499,matthew56,MvO522o*!3,Admin,2022-03-01T21:25:01,10,Finance
75,Veronica,Hodge,gravesamy@yahoo.com,(940)524-6289,"7860 Kaitlyn Forges, Port Gregorychester, DC 43164",Jonathanville,North Dakota,Mexico,01317,scott63,Xc+9TXv&1U,User,2021-10-31T20:51:44,8,Finance
76,Hannah,Carrillo,allisonlaura@yahoo.com,644.223.8148,"9115 Alejandro Junction, Port Belinda, TN 99174",West Georgestad,Wyoming,Netherlands Antilles,32200,kathy38,x_L3Jifk4F,User,2024-03-16T03:20:08,12,Finance
77,Evelyn,Dorsey,jonathanmelendez@hotmail.com,9635945418,"613 Armstrong Pine Suite 260, New Troy, AL 97424",Robertville,West Virginia,Burkina Faso,38282,twilliams,Cq)$9FnoEy,Admin,2022-01-14T09:13:13,16,Sales
78,Thomas,Hernandez,shane92@hotmail.com,(857)541-3632x204,"276 Gomez Hills Apt. 010, New Jamieborough, MO 32064",East Robert,New Hampshire,Faroe Islands,61177,alyssa99,@GOskL7*8i,User,2023-10-18T10:26:59,7,Engineering
79,Christina,Wilson,hoffmanrobert@yahoo.com,243-136-6043x892,"0936 Elizabeth Prairie, Brandyhaven, KY 64149",Port Melinda,Tennessee,Japan,18217,annette62,y!1PohrV$$,Admin,2021-10-04T02:48:35,12,Sales
80,Misty,Campbell,rperez@gmail.com,(332)550-6995x23495,"64499 Rivas Bridge, Shaneview, KY 65742",Port Ronaldborough,Massachusetts,Rwanda,96443,cwatson,%2Sbtwi_JG,Admin,2023-12-12T21:28:38,13,Marketing
81,Caleb,Branch,ronaldwhite@williams.com,001-487-818-7595x717,"3313 Spencer Dam, Daviston, SD 01452",North Lisa,Kentucky,France,91868,mlogan,t+23r*Dy#9,User,2024-02-18T23:32:43,17,Marketing
82,Peggy,Sharp,fperez@taylor-black.com,999.177.8815x33871,"959 Collins Orchard Apt. 454, Hannahton, NJ 67506",Port Nathanielchester,Michigan,Hungary,09698,alewis,(Qw0PKm_!0,Admin,2023-11-03T09:55:47,7,Sales
83,Michael,Olson,ljoseph@murphy.com,265.349.4767,"137 Harding Corner Suite 819, Wilkersonmouth, MD 45741",Patriciaborough,Pennsylvania,Portugal,17640,james69,q5gBVGQ#&j,Admin,2022-02-07T08:50:04,13,Engineering
84,Jasmine,Thompson,rebeccarichard@hotmail.com,+1-835-202-8104x94155,"903 Singh Mountain, Port Jack, UT 49127",New Jessica,Kansas,Costa Rica,67664,lucassarah,3ddSIaul+e,Admin,2022-06-19T14:34:15,8,Marketing
85,Angela,Gordon,ihall@yahoo.com,156.509.8135x36539,"99314 Leon Springs Apt. 485, Lake Alanburgh, KS 43157",Lake Kristenborough,New Jersey,Brunei Darussalam,97302,fostermolly,)6N4q(Bl+i,Admin,2021-09-10T09:58:12,4,Sales
86,Alex,Hanson,nmcdonald@gmail.com,001-264-099-1560x45345,"801 Davis Knoll, Bryantborough, DE 45177",Douglasburgh,Kentucky,Qatar,34108,asolis,Z!2QypTY9M,Admin,2024-04-05T10:40:44,13,Marketing
87,Tyler,Welch,ashley25@gmail.com,366.523.4069x458,"5240 Craig Creek, South Amybury, MO 34893",Brownborough,Hawaii,Armenia,82906,timothybradshaw,@mYMHZiY44,Admin,2021-12-21T08:22:00,5,Sales
88,Stephen,Vega,matthewparker@henderson-kemp.net,9888182747,"5467 Charles Neck Suite 854, Craigfurt, OR 96776",East Kurtbury,Rhode Island,Montserrat,51904,uhansen,&(LyUceFa8,Admin,2023-04-13T17:22:53,5,Finance
89,Julie,Washington,brooke87@yahoo.com,+1-308-341-8829x193,"522 Faith Path, Andersonshire, NE 32376",South Jilliantown,Ohio,Georgia,97398,buckstephen,_0kTti2fj_,User,2022-08-25T04:12:12,18,HR
90,Terrance,Cooper,danamorse@cox.com,+1-538-718-5855,"063 Atkins Station Suite 011, Theresabury, AZ 43442",West Johnnyview,Delaware,Oman,41647,robert42,_fCSe8@x6I,User,2020-08-15T22:40:26,7,Finance
91,Bryan,Silva,melindawilliams@carter.com,420-927-9925,"401 Jones Loaf Suite 331, Nortonville, NV 24777",Rachelborough,Minnesota,Latvia,27934,cmorgan,)3GyzSWyrb,User,2020-12-22T16:21:59,7,Marketing
92,Krista,Thompson,robert46@hotmail.com,791.300.5860,"74026 Jackson Burgs Suite 870, Alanshire, MO 02810",Rogersburgh,Wisconsin,Micronesia,23866,zwilliams,F$btN0Bf&X,Admin,2020-09-04T14:33:44,18,HR
93,Jim,Roth,richard59@miller.biz,485-427-4643,"844 Rodriguez Crest, Tiffanyfort, OH 63513",East Meganfurt,Virginia,Malta,03592,kristinenorman,x7hXBxbO&t,Admin,2020-03-14T05:29:53,15,Sales
94,Lindsay,Jackson,fwells@yahoo.com,(485)995-2447x39285,"056 Collins Ville, Julieview, LA 39311",Lisaville,Nebraska,Venezuela,68514,bradleygilbert,6*97qJ%fW@,Admin,2022-03-22T10:29:46,6,Sales
95,Tammy,Norman,danielnorris@yahoo.com,(540)383-1915,"09805 Hughes Valley, Phillipsview, TN 56685",West Daniellefurt,Massachusetts,Kuwait,64895,jesusdawson,01DuMsrn#1,Admin,2021-05-25T19:50:11,11,Sales
96,Jeffrey,Price,faulknerstephanie@gmail.com,(871)028-5047x5039,"Unit 1162 Box 5074, DPO AA 11089",East Laurenside,Alabama,Eritrea,37530,wardwendy,b6)1HHojGg,User,2024-05-13T03:16:35,9,Finance
97,Holly,Miller,joshua51@williams.com,001-059-139-1974x3966,"2003 Lane Bridge, New Austinfort, RI 54853",South Frankview,North Dakota,Lebanon,00687,johnnyhayes,(ysR1Jvb*E,User,2023-08-14T12:53:14,1,Finance
98,Christopher,Hunter,dlin@gmail.com,127-395-3622x1352,"432 Wang Heights, Lake Kimberlyview, HI 96665",South Cindybury,North Carolina,Azerbaijan,87595,vbrown,%(0)zOtUmr,Admin,2022-01-04T18:07:12,10,Finance
99,Bryan,Delgado,richardthomas@johnson.com,+1-310-576-6682,"799 Buchanan Canyon Apt. 265, Matthewberg, SD 00758",New Ricky,Ohio,Colombia,60767,tammyhodge,77!1qnYljX,Admin,2020-04-06T05:17:04,3,Marketing
100,Angela,Perez,michael50@yahoo.com,(014)749-2676x455,"00340 Thomas Groves, East Carrieborough, ND 13868",Randallhaven,New York,Mauritius,22271,courtney17,01CLqftZ)0,User,2020-02-21T03:44:38,7,Sales
